name,email,year,month,day
Sahil,sahilshah0620@gmail.com,1961,5,25
Dhruv,drc20040216@gmail.com,2004,2,16
Harsh,harshparmar09012004@gmail.com,2004,1,9
Reshmi,reshmi28nair@gmail.com,2003,8,28
Trisha,trishadoshi058@gmail.com,2003,10,19
Today,sahilshah062018@gmail.com,2003,5,25
Parth,parthshah2801@gmail.com,2001,6,28
Smriti,smritiraman91@gmail.com,2003,6,11
Dhruvil,shahdhruvil1310@gmail.com,2002,10,13
Isha,ishashah2303@gmail.com,2004,03,23
